id,type,label
"mgnrega-reform","story","MGNREGA 2026: The 125-Day Rural Employment Guarantee Explained"
"https://egazette.gov.in","source","Gazette of India Notification S.O. 2415(E) — VB-G RAM G Act 2025 Commencement"
"https://rural.gov.in","source","Viksit Bharat – Guarantee for Rozgar and Ajeevika Mission (Gramin) Act, 2025 (Act No. 18 of 2025)"
"mgnrega-reform-claim-0","claim","MGNREGA 2005 remains the active statutory law governing rural wage employment in India."
"hash-353221028","evidence","MGNREGA 2005 was repealed under Section 36(1) of Act No. 18 of 2025. Effective July 1, 2026, the operative statute is the Viksit Bharat – Guarantee for Rozgar and Ajeevika Mission (Gramin) Act, 2025 (VB-G RAM G Act, 2025)."
"hash-799646981","source","Public Statements"
"mgnrega-reform-claim-1","claim","The statutory guarantee for rural wage employment is 100 days per household."
"hash-901998877","evidence","While 100 days was the statutory limit under MGNREGA 2005, the VB-G RAM G Act, 2025 expanded the statutory guarantee to 125 days per household per financial year starting 1 July 2026."
"hash-94718953","source","Historical Manuals"
"digital-payments-boom","story","Digital Payments in Rural India: UPI's Unseen Revolution"
"https://npci.org.in","source","NPCI Annual Report 2025-26"
"digital-payments-boom-claim-0","claim","UPI has eliminated the urban-rural digital payments divide."
"hash-714299001","evidence","Urban transactions still account for 68% of total UPI volume."
"hash-1225450197","source","Industry Report 2025"
"claim.upi.upi123pay-limit","claim","The per-transaction limit for UPI123Pay was raised from ₹5,000 to ₹10,000 by the RBI in its October 2024 SDRP statement."
"hash-185957072","evidence","NPCI issued Circular 209 directing member banks to implement the new transaction limit, enhancing feature phone payment adoption."
"hash-1896495542","source","RBI SDRP October 2024"
"pm-fasal-bima-claims","story","PM Fasal Bima Yojana: The Claims That Never Reached Farmers"
"https://cag.gov.in","source","CAG Report on PMFBY 2024"
"hash-596819635","source","State Government Data Compilation"
"pm-fasal-bima-claims-claim-0","claim","Insurance companies are deliberately delaying claim settlements to earn interest."
"hash-848265715","evidence","While delays are documented, intent cannot be verified without regulatory investigation."
"hash-1754845921","source","Farmer Unions"
"pm-fasal-bima-claims-claim-1","claim","States are not contributing their share of premium on time."
"hash-1991673111","evidence","4 states have pending premium contributions exceeding ₹2,000 crore."
"hash-1728660641","source","Union Agriculture Ministry"
"semiconductor-pli","story","India's Semiconductor Push: Program Outlay, Project Investment & Commercial OSAT Debut"
"https://pib.gov.in","source","MeitY PIB Commercial Production Release Q1 2026"
"https://ism.gov.in","source","India Semiconductor Mission (ISM) Guidelines"
"https://meity.gov.in","source","Ministry of Electronics and IT Annual Report 2025-26"
"semiconductor-pli-claim-0","claim","The ₹76,000 crore semiconductor PLI outlay represents total private factory investment."
"hash-360644479","evidence","₹76,000 crore is the government's fiscal incentive outlay. Total approved private project investment commitments stand at ₹1.26 lakh crore across 5 facilities."
"hash-1007551816","source","Media Summaries"
"semiconductor-pli-claim-1","claim","Commercial semiconductor production has commenced in India under the PLI scheme."
"hash-1679117698","evidence","Commercial production of packaged semiconductors commenced at the CG Semi OSAT facility in Sanand in Q1 2026."
"hash-2057123816","source","MeitY PIB Release Q1 2026"
"semiconductor-pli-claim-2","claim","India will stop importing all microchips by 2030."
"hash-1962892083","evidence","The PLI scheme aims for self-reliance in mature node packaging and select fabrication, not absolute independence from global supply chains by 2030."
"hash-1052047729","source","Social Media"
"dpdp-bill","story","Digital Personal Data Protection: India's Privacy Law Comes of Age"
"https://meity.gov.in/dpdp","source","Digital Personal Data Protection Act 2023"
"https://prsindia.org","source","PRS Legislative Analysis"
"dpdp-bill-claim-0","claim","India's DPDP Act imposes the highest data privacy fines in the world."
"hash-630428233","evidence","While ₹250 crore is significant, EU GDPR fines can reach €20 million or 4% of global turnover, which is substantially higher for large tech firms."
"hash-1415039829","source","Industry Association Report"
"dpdp-bill-claim-1","claim","The DPDP Act exempts government agencies from all provisions."
"hash-314994576","evidence","Section 17 of the Act allows the central government to exempt any instrumentality of the state by notification, and 15 agencies have been exempted as of 2026."
"hash-2140170000","source","Digital Rights Advocacy Group"
"rbi-repo-rate","story","RBI Repo Rate: Decoding Monetary Policy & Rate Easing Cycle"
"https://rbi.org.in","source","RBI Monetary Policy Statement & MPC Resolutions 2025-2026"
"https://rbi.org.in/mpc","source","MPC Minutes Archive"
"rbi-repo-rate-claim-0","claim","The policy repo rate of the Reserve Bank of India is 6.50%."
"hash-366453675","evidence","6.50% was the peak policy rate maintained during the 2023-2024 pause cycle. The RBI MPC subsequently lowered the repo rate to 5.25% by July 2026."
"hash-11762477","source","Historical Articles"
"rbi-repo-rate-claim-1","claim","The inflation targeting framework has successfully kept CPI inflation within the 2-6% band since 2016."
"hash-811484445","evidence","In 8 of 10 years since 2016, headline CPI inflation has remained within the 2-6% tolerance band. Breaches occurred only in 2020 (supply shocks) and 2022 (commodity price surge)."
"hash-2044481842","source","RBI Annual Report"
"climate-finance","story","India's ₹11 Lakh Crore Climate Finance Challenge"
"https://mnre.gov.in","source","Ministry of New and Renewable Energy Dashboard"
"https://ceew.in","source","CEEW Climate Finance Study 2025"
"climate-finance-claim-0","claim","India is on track to achieve 500 GW of renewable energy capacity by 2030."
"hash-341849039","evidence","At the current installation rate of 18 GW/year, India would reach approximately 380 GW by 2030 — falling short of the 500 GW target by 24%."
"hash-1601424101","source","Government Press Release"
"climate-finance-claim-1","claim","Developed countries have failed to deliver the promised $100 billion in annual climate finance."
"hash-2047107517","evidence","OECD data confirms that developed countries only delivered $83.3 billion in 2020, and the $100 billion goal was first met only in 2022 — two years after the 2020 deadline."
"hash-311144513","source","Climate Action Network"
"claim.climate.cop29-ncqg-finance","claim","COP29 adopted the New Collective Quantified Goal (NCQG) of at least US$300 billion annually by 2035 from developed nations."
"hash-73708761","evidence","The Baku agreement adopted in November 2024 sets a target of $300 billion/year by 2035 and calls for scaling up total finance to at least $1.3 trillion/year, replacing the $100 billion goal."
"hash-777138311","source","UNFCCC Decision 1/CMA.6"
"education-budget","story","Education Budget: Widening Gap Between Spending and Learning Outcomes"
"https://indiabudget.gov.in","source","Union Budget Documents"
"https://indiabudget.gov.in/economicsurvey","source","Economic Survey 2025-26"
"groundwater-depletion","story","India's Groundwater Crisis: North-West Agricultural Belt Stressed as CGWB 2025 Assessment Tracks 449 BCM Recharge"
"https://cgwb.gov.in","source","CGWB National Compilation on Dynamic Ground Water Resources of India 2025"
"https://nasa.gov","source","NASA-CGWB Groundwater Study"
"groundwater-depletion-claim-0","claim","62% of India's districts are over-exploited for groundwater nationwide."
"hash-84335339","evidence","The 62% figure overgeneralizes North-West agricultural districts (Punjab/Haryana/Rajasthan) to all 700+ national districts. CGWB 2025 data shows 1,118 out of 6,738 assessment units (16.59%) are over-exploited nationwide."
"hash-713356381","source","Media Headlines"
"groundwater-depletion-claim-1","claim","Annual groundwater recharge in India exceeds 445 BCM."
"hash-97078302","evidence","The CGWB 2025 National Compilation verifies total annual groundwater recharge at 449.12 BCM."
"hash-1287116574","source","CGWB 2025 Report"
"ration-digitization","story","Digitizing PDS: How Technology Plugged the Leakage in India's Food Security Net"
"https://consumeraffairs.gov.in","source","Ministry of Consumer Affairs Annual Report"
"https://worldbank.org","source","World Bank PDS Assessment 2025"
"ration-digitization-claim-0","claim","Digitization has eliminated all leakages in the PDS system."
"hash-399000610","evidence","While leakage has been significantly reduced from ~40% to under 10%, pilferage continues through ghost cards in states with incomplete Aadhaar seeding and manual reconciliation loopholes."
"ration-digitization-claim-1","claim","ONORC has benefited over 50 crore interstate migrant workers."
"hash-1906016281","evidence","Government data shows 50.7 crore portable transactions recorded under ONORC between 2020 and 2026, supporting this claim."
"hash-859986552","source","Ministry of Consumer Affairs"
"anganwadi-icds","story","Anganwadi Centres: India's Frontline Nutrition Workers Are Burning Out"
"https://wcd.gov.in","source","Ministry of Women and Child Development Annual Report"
"anganwadi-icds-claim-0","claim","Anganwadi workers earn wages comparable to MGNREGA workers."
"hash-1839022611","evidence","While MGNREGA wages average ₹267/day for 100 days, anganwadi workers receive a fixed monthly honorarium of ₹10,000 — roughly ₹333/day but with no guaranteed days, pensions, or benefits."
"hash-471677159","source","Social Welfare Department"
"anganwadi-icds-claim-1","claim","India has reduced stunting among children under 5 from 48% to 35% since 2006."
"hash-998545789","evidence","NFHS-5 (2019-21) data shows stunting declined from 48% (NFHS-3, 2005-06) to 35.5%, though progress has slowed in the last 5 years."
"hash-163207223","source","UNICEF India Report"
"supply-chain-shift","story","The Great Supply Chain Shift: Can India Capture the China+1 Opportunity?"
"https://dpiit.gov.in","source","DPIIT Annual Report 2025-26"
"supply-chain-shift-claim-0","claim","India has surpassed Vietnam as the top alternative manufacturing destination to China."
"hash-525562928","evidence","India received $85 billion in FDI from supply chain relocation since 2023 vs Vietnam's $45 billion in the same period, though Vietnam has higher ease of doing business scores."
"hash-1441861323","source","World Bank Investment Report"
"supply-chain-shift-claim-1","claim","India's logistics infrastructure is globally competitive."
"hash-997517477","evidence","India ranks 38th on the World Bank Logistics Performance Index. Port turnaround time (48 hrs) is double the global average (24 hrs), and logistics costs are 14% of GDP vs 8% in developed economies."
"hash-850453987","source","Ministry of Commerce"
"ethanol-backlash","story","E20 Backlash: India's Ethanol Push and the Consumer Revolt That Followed"
"https://mopng.gov.in","source","MoPNG Ethanol Blending Dashboard"
"https://localcircles.com","source","LocalCircles Survey on E20 Impact"
"https://araiindia.com","source","ARAI Vehicle Compatibility Study"
"ethanol-backlash-claim-0","claim","E20 petrol causes only 1-2% mileage reduction in four-wheelers."
"hash-1441001293","evidence","ARAI tests show 1-6% drop for compliant vehicles; independent surveys report 8-12% drops for older non-compliant vehicles. Nearly 30 crore vehicles on Indian roads are not E20-compliant."
"hash-1090350541","source","MoPNG Official Statement"
"ethanol-backlash-claim-1","claim","Ethanol blending saved India $19.3 billion in foreign exchange."
"hash-679252429","evidence","Government data confirms cumulative forex savings of $19.3 billion, with ₹1.06 lakh crore in farmer payments."
"hash-613419204","source","MoPNG Annual Report"
"ethanol-backlash-claim-2","claim","Sugar diversion for ethanol has caused retail sugar prices to spike."
"hash-1926891636","evidence","Sugar prices rose from ₹40/kg (May 2023) to ₹45/kg (May 2025) as 4 million tonnes of sugar-equivalent was diverted to ethanol."
"hash-1378623806","source","Consumer Groups"
"ews-quota-upsc-investigation","story","Who Really Gets the EWS Quota? An Investigation into UPSC's 104 Selections"
"https://indianexpress.com/article/express-exclusive/ews-quota-civil-services-exam-2025-investigation-10746897/","source","Indian Express Investigation (June 2026)"
"https://upsc.gov.in","source","UPSC CSE 2025 Final Result"
"https://sc.gov.in","source","Supreme Court Judgment — Janhit Abhiyan 2022"
"ews-quota-upsc-investigation-claim-0","claim","The EWS quota primarily benefits the truly economically disadvantaged."
"hash-798971304","evidence","While some genuine beneficiaries exist, the investigation found 64.4% used premium coaching (fees up to ₹2.65 lakh) and 27% had business family backgrounds — inconsistent with the ₹8 lakh income ceiling."
"hash-2008023552","source","Government Statement"
"ews-quota-upsc-investigation-claim-1","claim","The 103rd Amendment breaches the 50% reservation ceiling."
"hash-1435471296","evidence","The Indira Sawhney judgment set a 50% ceiling. The 103rd Amendment adds 10% EWS on top, taking total reservation to ~60%. The SC upheld it 3:2; dissenting judges cited the ceiling breach."
"hash-1688117064","source","Petitioners"
"us-iran-relations","story","US-Iran Relations: From Maximum Pressure to Nuclear Negotiations"
"https://iaea.org","source","IAEA Verification Reports"
"https://eia.gov","source","US Energy Information Administration"
"us-iran-relations-claim-0","claim","Iran's nuclear program is for peaceful purposes only."
"hash-144419454","evidence","IAEA reports confirm Iran has enriched uranium to 60% purity, far beyond the 3.67% needed for civilian nuclear power and consistent with weapons-grade enrichment capability."
"hash-1017706288","source","Government of Iran"
"us-iran-relations-claim-1","claim","US sanctions on Iran have successfully curtailed its regional proxy network funding."
"hash-1909983616","evidence","Treasury estimates Iran's budget for proxy forces (Hezbollah, Houthis, Iraqi militias) declined by 40% from $16 billion to $9.6 billion annually between 2018-2025."
"hash-1147785139","source","US Treasury Department"
"indian-education-crisis","story","India's Education Paradox: Rising Enrolment, Falling Learning — What Went Wrong?"
"https://asercentre.org","source","ASER Centre Reports 2024-25"
"https://udiseplus.gov.in","source","Unified District Information System for Education (UDISE+)"
"https://nep2020.gov.in","source","National Education Policy 2020"
"indian-education-crisis-claim-0","claim","The no-detention policy under RTE has improved learning outcomes by reducing dropout rates."
"hash-22967941","evidence","While dropout rates declined from 8% to 4%, ASER data shows learning outcomes actually worsened during the no-detention period (2010-2019), with Grade 5 reading ability declining from 53% to 47%."
"hash-1018738170","source","Ministry of Education, 2019"
"indian-education-crisis-claim-1","claim","India's teacher shortage has been fully addressed through the Samagra Shiksha Abhiyan."
"hash-1784816344","evidence","As of 2025, there are 1.2 million teacher vacancies across government schools. Recruitment under Samagra Shiksha has filled only 35% of sanctioned positions."
"hash-2008688869","source","Government Press Release 2024"
"indian-education-crisis-claim-2","claim","Private schools in India outperform government schools in learning outcomes when controlled for socio-economic factors."
"hash-1272404507","evidence","ASER data shows private school students score 12-18% higher in reading and math, and this gap persists even when controlling for parental income and education levels."
"hash-1477267368","source","Annual Status of Education Report 2024"
"income-inequality-india","story","Income Inequality in India: The Top 1% Now Owns 40% of the Wealth"
"https://wir2025.wid.world","source","World Inequality Lab — India Report 2025"
"https://oxfamindia.org","source","Oxfam India — Inequality Report"
"https://sbi.co.in","source","SBI Economic Research Reports"
"income-inequality-india-claim-0","claim","Poverty reduction in India has lifted 415 million people out of poverty since 2005."
"hash-103169564","evidence","UN and World Bank data confirm that India achieved the MDG target of halving poverty ahead of schedule. However, the poverty line threshold ($2.15/day 2017 PPP) masks the precarious economic status of those just above it."
"hash-6848971","source","UN MDG Report"
"income-inequality-india-claim-1","claim","India's direct tax-to-GDP ratio is among the highest in emerging economies, indicating progressive taxation."
"hash-608117964","evidence","While direct tax-to-GDP ratio at 6.3% is respectable, the effective tax incidence on the wealthy is low due to exemptions, capital gains preference, and corporate tax cuts. Only 2% of Indians pay income tax."
"hash-1005802938","source","Government Economic Survey 2025-26"
"income-inequality-india-claim-2","claim","Wealth inequality in India is now higher than during the British colonial period."
"hash-234949589","evidence","World Inequality Lab data shows the top 1% wealth share at 40.1% (2024), surpassing the estimated 37% during the British Raj (1930s). India's current inequality level is among the highest in Asia."
"hash-876326938","source","World Inequality Lab 2024"
"india-china-border-tensions","story","India-China Border: Galwan and the Standoff Four Years On"
"https://iiss.org","source","IISS Military Balance 2026"
"https://mea.gov.in","source","Ministry of External Affairs Annual Report"
"https://c4ads.org","source","C4ADS Analysis of LAC Infrastructure"
"india-china-border-tensions-claim-0","claim","India's infrastructure development along the border now matches China's pace."
"hash-434340927","evidence","While India has accelerated border road construction under the Border Infrastructure Organisation, China still outpaces India 3:1 in road construction, operates 7 dual-use airfields within striking distance, and has built 500+ hardened structures. India's capability gap is narrowing but remains significant."
"hash-1544641213","source","Ministry of Defence, 2025"
"india-china-border-tensions-claim-1","claim","Chinese incursions across the LAC have decreased since the Galwan clash."
"hash-485347547","evidence","India's proactive posture and year-round deployment has reduced PLA patrol incursions from 237 (2019) to 74 (2025). However, incursions now involve larger formations and longer durations."
"hash-1828577546","source","Government Briefing 2025"
"india-china-border-tensions-claim-2","claim","India's Act East policy has successfully reduced Chinese influence in India's neighbourhood."
"hash-583716040","evidence","While India has deepened ties with ASEAN, Japan, Australia, and Pacific Island nations, China remains the largest trading partner for most South Asian countries and has invested $50 billion in CPEC and $12 billion in Myanmar infrastructure since 2020."
"hash-957123790","source","MEA Annual Report 2025-26"
"indias-foreign-policy","story","India's Foreign Policy at 80: From Non-Alignment to Multi-Alignment"
"https://sipri.org","source","SIPRI Arms Transfers Database"
"https://orfonline.org","source","Observer Research Foundation (ORF)"
"indias-foreign-policy-claim-0","claim","India has successfully reduced its dependence on Russian military hardware imports."
"hash-919129424","evidence","Russia's share of Indian defence imports declined from 70% (2010-2014) to 45% (2020-2025), with the US, France, and Israel filling the gap. However, Russia remains India's largest defence supplier."
"indias-foreign-policy-claim-1","claim","India's neighbourhood first policy has resulted in improved bilateral ties with all South Asian neighbours."
"hash-369149573","evidence","While ties with Bhutan and Bangladesh have strengthened, relations with Pakistan remain frozen post-2019, Nepal's political ties have fluctuated, and Maldives' ""India Out"" campaign (2023-24) damaged bilateral relations before the 2025 thaw."
"indias-foreign-policy-claim-2","claim","India's G20 presidency amplified the voice of developing countries in global governance."
"hash-901901179","evidence","India secured the inclusion of the African Union as a permanent G20 member, hosted two Voice of Global South Summits, and placed climate finance, debt restructuring, and Global South priorities on the G20 agenda."
"hash-2105111073","source","Observer Research Foundation, 2023"
"satluj-ban","story","The Satluj Files: Censored, Released, Removed — The 48-Hour Life of India's Most Controversial Film"
"https://main.sci.gov.in","source","Prithpal Singh vs State of Punjab — Supreme Court (2011)"
"https://cbi.gov.in","source","CBI Investigation Records — Khalra Case"
"https://ensaaf.org","source","Ensaaf — Khalra Case Documentation"
"https://hrw.org","source","Human Rights Watch — Protecting the Killers (2007)"
"satluj-ban-claim-0","claim","The CBFC has the authority to regulate content on OTT streaming platforms."
"hash-632015417","evidence","The CBFC is a statutory body under the Cinematograph Act, 1952, which only governs films exhibited in theatres. OTT platforms are regulated under Part III of the IT Rules 2021 — a separate framework."
"hash-779774782","source","Common Misconception"
"satluj-ban-claim-1","claim","Jaswant Singh Khalra's investigation documented 25,000 illegal killings by Punjab Police."
"hash-1497991665","evidence","Corroborated by CBI investigations and Supreme Court in Prithpal Singh vs State of Punjab (2011)."
"hash-268300569","source","Khalra Investigation"
"satluj-ban-claim-2","claim","Satluj was released without any certification process being completed, violating IT Rules."
"hash-887034484","evidence","The film was submitted to CBFC in 2022 but remained in unresolved dispute. OTT platforms are legally separate from CBFC jurisdiction. The IT Rules require age classification — not CBFC pre-clearance."
"hash-2114762694","source","I&B Ministry"
"india-us-relations","story","India-US Relations: From Nuclear Deal to Critical Technology Partnership"
"https://state.gov/us-india-relations","source","US State Department — US-India Relations Fact Sheet"
"https://sipri.org/databases/armstransfers","source","SIPRI Arms Transfers Database"
"https://census.gov/foreign-trade","source","US Census Bureau Trade Data"
"india-us-relations-claim-0","claim","The US is India's most reliable defence partner, supplying cutting-edge military technology."
"hash-1031085808","evidence","The US has supplied C-17, C-130, P-8I, Apache, Chinook, and MQ-9B drones. Total defence deals exceed $25 billion since 2016."
"hash-1871900600","source","Ministry of Defence"
"india-us-relations-claim-1","claim","India-US trade relations are free of barriers and disputes."
"hash-1487395852","evidence","India imposed retaliatory tariffs on $1.4 billion of US goods in 2019. US concerns remain on India's data localization, digital services tax, and medical device price caps. WTO disputes on solar cells and shrimp continue."
"hash-91819776","source","US Chamber of Commerce"
"india-us-relations-claim-2","claim","The H4 EAD rule allows Indian spouses to work freely in the US."
"hash-481092508","evidence","The H4 EAD rule (permitting H1B spouses to work) is under legal challenge and has been subject to proposed revocation under multiple administrations. Its future remains uncertain."
"hash-550501448","source","Community Reports"
"india-indonesia-relations","story","India-Indonesia: How Maritime Neighbours Are Reshaping the Indo-Pacific"
"https://mea.gov.in/india-indonesia","source","MEA — India-Indonesia Relations"
"https://asean.org","source","ASEAN Secretariat Reports"
"india-indonesia-relations-claim-0","claim","India's Act East Policy has significantly strengthened ties with Indonesia."
"hash-1654237135","evidence","High-level visits have increased from 2 per year (2010-14) to 8 per year (2020-25). Defence cooperation, maritime patrols, and trade have all grown substantially."
"hash-1089324702","source","MEA White Paper"
"india-indonesia-relations-claim-1","claim","Indonesia is the most important partner for India's Indo-Pacific strategy."
"hash-1120621354","evidence","While Indonesia is crucial as ASEAN's largest economy and a maritime neighbour, India's Indo-Pacific strategy also prioritises Japan, Australia, Vietnam, and the US equally."
"hash-1361888894","source","Strategic Analyst"
"india-china-relations","story","India-China: Two Asian Giants in an Era of Mistrust and Strategic Rivalry"
"https://indianarmy.nic.in","source","Indian Army Western Command Situation Reports"
"https://ipcs.org","source","IPCS — India-China Border Studies"
"india-china-relations-claim-0","claim","India's ban on Chinese apps has permanently reduced Chinese digital influence in India."
"hash-1813607675","evidence","TikTok, UC Browser, and 400+ banned apps lost access to 1.2 billion users. Chinese app market share in India fell from 43% (2019) to under 5% (2025). However, Chinese hardware brands (Xiaomi, Vivo, Oppo) still dominate Indian smartphone market."
"hash-1484240195","source","Government of India"
"india-china-relations-claim-1","claim","China's Belt and Road Initiative is purely an economic development programme."
"hash-428250984","evidence","BRI projects in Hambantota (Sri Lanka), CPEC (Pakistan), and Gwadar are structured with debt traps, strategic port access, and military applications. Sri Lanka's Hambantota port was leased to China for 99 years after failing to repay BRI loans."
"hash-1381825986","source","Chinese Foreign Ministry"
"india-china-relations-claim-2","claim","PLA troop levels along the LAC have returned to pre-2020 levels after disengagement."
"hash-595839157","evidence","Satellite imagery confirms 60,000-70,000 additional Chinese troops remain permanently stationed in depth along the LAC, with new infrastructure including hardened bunkers, helipads, and logistics depots built since 2020."
"hash-1604981783","source","PLA Spokesperson"
"india-europe-relations","story","India and Europe: A Strategic Partnership Searching for Substance"
"https://eeas.europa.eu/india","source","European External Action Service — India"
"https://ec.europa.eu/trade/india","source","European Commission Trade — EU-India FTA"
"https://cii.in","source","CII — India-EU Trade Reports"
"india-europe-relations-claim-0","claim","The EU's CBAM will help India decarbonise its heavy industry."
"hash-727977667","evidence","While CBAM may incentivise cleaner production, it acts as a de facto carbon tariff. Indian steel and aluminium exports face 20-35% additional costs. India has raised concerns at the WTO about CBAM violating common but differentiated responsibilities (CBDR) under the Paris Agreement."
"hash-1779433564","source","European Commission"
"india-europe-relations-claim-1","claim","The India-EU FTA will be concluded by 2025."
"hash-613353168","evidence","As of mid-2026, the FTA remains unratified. Key sticking points persist on EU demands for lower auto and wine tariffs, stricter IP protections (data exclusivity for pharmaceuticals), and India's insistence on easier visa access for professionals and data adequacy status."
"india-uk-relations","story","India-UK Relations: Beyond Colonial History to a Modern Strategic Partnership"
"https://gov.uk/india-uk","source","UK FCDO — India-UK Relations"
"https://mea.gov.in/india-uk","source","MEA — India-UK Bilateral Relations"
"india-uk-relations-claim-0","claim","The India-UK FTA will be the most comprehensive trade deal India has ever signed with a Western country."
"hash-268754705","evidence","The proposed FTA covers goods, services, investment, digital trade, IPR, and government procurement — broader than India's earlier FTAs with ASEAN, Japan, and South Korea."
"hash-2064542407","source","UK Secretary of State for Trade"
"india-uk-relations-claim-1","claim","British colonial rule was beneficial for India's economic development."
"hash-1181000781","evidence","Multiple economic historians (Maddison, Tharoor, Banerjee) estimate that Britain extracted £9.2 trillion (in 2020 values) from India through 200 years of colonial rule. India's share of global GDP fell from 23% (1700) to 3% (1947). India's per capita income stagnated while Britain's grew 10x."
"hash-916266733","source","Revisionist Historians"
"india-russia-relations","story","India-Russia: The Enduring Partnership Tested by War and Realignment"
"https://mea.gov.in/india-russia","source","MEA — India-Russia Bilateral Relations"
"https://ppac.gov.in","source","PPAC — Indian Crude Oil Import Data"
"india-russia-relations-claim-0","claim","India's oil imports from Russia are not violating Western sanctions."
"hash-1254890312","evidence","India has not breached G7 price cap mechanisms and buys Russian oil at discounted rates ($10-15/barrel below Brent). EU nations including France, Italy, and Spain also continue importing Russian refined products."
"india-russia-relations-claim-1","claim","Russia remains India's most reliable defence partner regardless of the Ukraine war."
"hash-1273489408","evidence","While Russia has historically been India's primary defence supplier, deliveries of S-400 systems have been delayed, spare parts availability dropped by 40% since 2022, and Russia has prioritised its own military needs. India's defence imports from Russia fell to 36% (2020-24) from 62% (2014-18)."
"hash-853549709","source","Russian Embassy, New Delhi"
"81-crore-data-breach","story","81.5 Crore Aadhaar Records Exposed: Inside India's Biggest Data Breach"
"https://www.resecurity.com/blog","source","Resecurity HUNTER Report"
"https://thehindu.com","source","The Hindu Coverage"
"81-crore-data-breach-claim-0","claim","The data breach originated from ICMR's COVID-19 testing database."
"hash-1058882410","evidence","Multiple cybersecurity researchers and media investigations traced the data structure and collection methodology to ICMR's COVID-19 testing registration system, which collected Aadhaar and passport details for test result delivery."
"hash-1003903622","source","Resecurity & Multiple Media Reports"
"81-crore-data-breach-claim-1","claim","UIDAI's own systems were compromised in the breach."
"hash-2095492908","evidence","UIDAI clarified that its own systems were not breached. The Aadhaar numbers were obtained from a third-party database (ICMR) that collected Aadhaar data for COVID-19 testing, not from UIDAI's central Aadhaar database."
"hash-1577135396","source","Social Media Misinformation"
"81-crore-data-breach-claim-2","claim","The DPDP Act 2023 would have prevented this breach had it been in force earlier."
"hash-1544889434","evidence","While the DPDP Act mandates stricter data protection obligations for data fiduciaries, the breach occurred in October 2023, just two months after the Act received presidential assent. Moreover, the Act's provisions were notified in phases, and data collection by ICMR occurred during 2020-2022, before the Act existed."
"hash-326228042","source","Policy Advocacy Groups"
"81-crore-data-breach-claim-3","claim","Aadhaar-enabled Payment System (AEPS) fraud directly increased due to this breach."
"hash-1427422825","evidence","The RBI's Financial Stability Report noted a 42% increase in AEPS fraud attempts in the quarters following the breach, with fraudsters using leaked Aadhaar numbers and biometric data to attempt unauthorized transactions."
"hash-605744204","source","RBI Financial Stability Report Dec 2023"
"bjp-mission-360","story","Mission 360 & The 2024 Retrospective: Campaign Strategy vs Election Reality"
"https://results.eci.gov.in","source","Election Commission of India — General Election 2024 Results"
"https://www.bhaskarenglish.in/national/news/bjp-mission-360-two-thirds-majority-constitutional-reforms-138340238.html","source","Bhaskar English — Mission 360 Report"
"bjp-mission-360-claim-0","claim","The BJP secured 360+ seats in the 2024 Lok Sabha elections."
"hash-265573329","evidence","In the June 2024 general election, the BJP won 240 seats and the NDA coalition won 293 seats. 360+ was a campaign target, not an election outcome."
"hash-1988486981","source","Campaign Slogans"
"bjp-mission-360-claim-1","claim","Passing constitutional amendments requiring a two-thirds majority is currently possible for the NDA alone."
"hash-1587537122","evidence","With 293 NDA seats in the 543-member Lok Sabha, the ruling coalition is 69 seats short of the 362 votes needed for a two-thirds majority under Article 368."
"hash-1521615412","source","Political Analysts"
"india-5g-rollout","story","India's 5G Revolution: 400 Million Subscribers and Still Waiting for the Killer App"
"https://trai.gov.in","source","TRAI Telecom Subscription Reports"
"https://dot.gov.in","source","Department of Telecommunications Annual Report 2025-26"
"https://speedtest.net/global-index/india","source","Ookla Speedtest Global Index — India"
"https://nokia.com/networks/mbit","source","Nokia MBiT Report 2026"
"https://crisil.com","source","CRISIL Telecom Sector Annual Review 2026"
"india-5g-rollout-claim-0","claim","India is the world's largest mobile data consumer, with average monthly smartphone data usage exceeding 25 GB."
"hash-1740915068","evidence","Nokia's annual MBiT report confirms India's average smartphone data consumption at 25.6 GB/month — the highest globally — driven by affordable 5G data plans priced at approximately ₹15/GB, among the cheapest in the world."
"hash-1624697004","source","Nokia MBiT Report 2026"
"india-5g-rollout-claim-1","claim","5G services achieved nationwide coverage across India by late 2025."
"hash-426384834","evidence","While 5G covers over 85% of urban India, rural coverage remains at approximately 35%. Total geographical 5G coverage is below 50%. Only 40% of towers are fiberized, and significant rural coverage gaps persist across Bihar, UP East, and Northeast circles."
"hash-1202986528","source","Telecom Industry Association Briefing"
"india-5g-rollout-claim-2","claim","Enterprise 5G use cases in India remain in early pilot stages with minimal revenue contribution for telecom operators."
"hash-44992614","evidence","Enterprise 5G accounts for less than 5% of telecom operators' revenue as of mid-2026. Deployments in smart manufacturing, remote surgery, and precision agriculture remain pilot-stage with limited commercial scale."
"hash-1158941153","source","CRISIL Telecom Sector Report 2026"
"india-5g-rollout-claim-3","claim","India has deployed a full standalone (SA) 5G core network, enabling ultra-low latency applications nationwide."
"hash-498790129","evidence","Both Jio and Airtel have deployed 5G in Non-Standalone (NSA) mode, relying on existing 4G evolved packet cores. Standalone 5G core deployment with network slicing and sub-10ms latency remains in trial phases. True SA 5G is at least 12-18 months away from commercial deployment."
"hash-2016324292","source","Social Media and Tech Forums"
"india-ev-paradox","story","India's EV Paradox: Rising Sales, Stalled Charging, and the ₹4 Lakh Crore Battery Import Bill"
"https://siam.in","source","SIAM Annual Report 2025-26"
"https://heavyindustries.gov.in","source","Ministry of Heavy Industries EV Dashboard"
"https://niti.gov.in","source","NITI Aayog-EY Report — India's EV Battery Supply Chain"
"https://about.bnef.com","source","BloombergNEF — India EV Outlook 2026"
"india-ev-paradox-claim-0","claim","EV sales in India have grown four-fold in three years, exceeding government targets."
"hash-417272411","evidence","Sales rose from 4.2 lakh units (2021-22) to 38.4 lakh units (2025-26), outpacing the FAME-II target of 15 lakh units by 2025. EV penetration reached 7.2% of total auto sales, 2.2 percentage points above the NITI Aayog revised target of 5% by 2025."
"hash-1226212015","source","SIAM EV Sales Dashboard"
"india-ev-paradox-claim-1","claim","India's public charging infrastructure is keeping pace with EV sales growth."
"hash-1840342010","evidence","While EV sales grew 4x, public charging stations grew only 2.6x from 4,600 (2022) to 12,000 (2026). At 26% of the 46,000 target, India has 1 charger for every 320 EVs — against the recommended ratio of 1 per 40 EVs. Delhi has 2,800 stations, but states like Bihar have fewer than 100."
"hash-310133772","source","Ministry of Heavy Industries Statement"
"india-ev-paradox-claim-2","claim","India's battery import dependency is a strategic concern comparable to its oil import vulnerability."
"hash-728198324","evidence","India imports 85% of lithium-ion cells, primarily from China. The cumulative import bill is projected at ₹4 lakh crore by 2030, equivalent to roughly 15% of India's current oil import bill. China controls 76% of global battery cell production and 60% of lithium refining capacity."
"hash-1884198836","source","NITI Aayog Strategic Paper 2025"
"india-ev-paradox-claim-3","claim","Electric vehicles are cheaper than internal combustion engine vehicles even without government subsidies."
"hash-554204131","evidence","As of 2026, EVs have a 25-40% higher upfront cost than ICE counterparts across all segments. At current electricity prices (₹8/kWh avg) and ₹94/litre petrol, TCO parity for 2-wheelers is 3-4 years, for 4-wheelers 5-7 years — but this depends on subsidies. Without FAME-III subsidies, the payback period extends by 2-3 additional years."
"hash-1046509160","source","EV Industry Association Press Release"
"ayushman-bharat","story","Ayushman Bharat: India's ₹30,000 Crore Bet on Universal Health Coverage"
"https://dashboard.pmjay.gov.in","source","National Health Authority Dashboard"
"https://mohfw.gov.in","source","MoHFW Annual Report 2025-26"
"https://who.int","source","WHO India Health Systems Review 2025"
"ayushman-bharat-claim-0","claim","AB-PMJAY fraud detection system has flagged ₹450 crore in suspicious claims using AI."
"hash-1799549633","evidence","Machine-learning models flagged 12,400 suspicious claims worth ₹450 crore, leading to blacklisting of 320 hospitals and recovery of ₹180 crore."
"hash-1321105812","source","NHA Annual Report 2025-26"
"ayushman-bharat-claim-1","claim","AB-PMJAY covers all secondary and tertiary care treatments across all specialties."
"hash-1368336578","evidence","Covers 1,949 treatment packages across 26 specialties, but excludes OPD, cosmetic surgery, organ transplants, and fertility treatments. The ₹5 lakh cap per family per year is binding — 8% of claims exceeded the ceiling in 2025."
"hash-2008688868","source","Government Press Release 2023"
"ayushman-bharat-claim-2","claim","AB-PMJAY has demonstrably reduced out-of-pocket health expenditure for BPL families."
"hash-342757372","evidence","OOP expenditure declined from 62% to 48% of total health spending. Beneficiary families reported 34% lower catastrophic health expenditure vs non-beneficiaries."
"hash-1740687316","source","WHO India Health Systems Review 2025"
"electoral-bonds","story","Electoral Bonds: The ₹12,769 Crore Anonymous Donation Scheme the Supreme Court Struck Down"
"https://eci.gov.in","source","Election Commission of India — Electoral Bond Donor Data"
"https://adrindia.org","source","Association for Democratic Reforms (ADR) Reports"
"https://ft.com","source","Financial Times — India Electoral Bond Analysis"
"https://livemint.com","source","Livemint — Electoral Bond Data Analysis"
"electoral-bonds-claim-0","claim","Electoral bonds ended anonymous cash donations and brought transparency to political funding."
"hash-1718611156","evidence","While bonds replaced cash donations, they created a new form of anonymity — donations through bonds were completely anonymous, with no public disclosure of donor identity. Cash donations to political parties actually increased 4x after the scheme, from ₹283 crore (2016-17) to ₹1,168 crore (2022-23)."
"electoral-bonds-claim-1","claim","The Supreme Court struck down electoral bonds because they violated the right to information."
"hash-14168066","evidence","The 5-judge Constitution Bench unanimously held that anonymous political donations violate Article 19(1)(a) — the right to know the sources of funding of candidates and political parties. The Court called information asymmetry ""the antithesis of democracy."""
"hash-1488378218","source","Supreme Court of India"
"electoral-bonds-claim-2","claim","Companies under investigation donated disproportionately to the BJP."
"hash-2094227292","evidence","41 companies under CBI, ED, or Income Tax investigation donated ₹2,471 crore to the BJP, accounting for 96% of all probed companies' bond donations. Only ₹100 crore from probed companies went to all other parties combined."
"hash-1681548906","source","The Breakdown Analysis"
"electoral-bonds-claim-3","claim","Electoral bonds were redeemable only by registered political parties, preventing misuse."
"hash-62119732","evidence","While technically true that only registered parties could redeem bonds, there was no upper limit on donations, no cap on corporate donations (removed in 2017), and no disclosure requirement — creating a perfect vehicle for quid pro quo arrangements, as evidenced by the contractor-donor overlap."
"electoral-bonds-claim-4","claim","Shell companies with no real operations could not purchase electoral bonds."
"hash-1962736018","evidence","ADR analysis identified 30 shell companies — registered at the same addresses, with negligible business activity and minimal tax payments — that collectively purchased ₹143.2 crore in electoral bonds. Companies needed only a valid bank account and KYC documents."
"who-cancer-report-2026","story","Global Cancer Crisis: WHO Report Warns 35 Million Cases Per Year by 2050 Without Urgent Action"
"https://who.int/publications/cancer-report-2026","source","WHO Global Status Report on Cancer 2026"
"https://gco.iarc.fr","source","IARC GLOBOCAN 2024 — Global Cancer Observatory"
"https://iarc.who.int","source","IARC — Projections of Cancer Cases by HDI (2024)"
"https://who.int/news-room/fact-sheets/detail/cancer","source","WHO — Cancer Fact Sheet"
"https://ncdirindia.org","source","ICMR-National Cancer Registry Programme — India Data"
"https://who.int/india/health-topics/cancer","source","WHO India — Cancer Country Profile 2024"
"https://thelancet.com/journals/lanonc","source","Lancet Oncology — Global Cancer Disparities Series (2025)"
"https://worldbank.org/uhc","source","World Bank — UHC Service Coverage Index"
"who-cancer-report-2026-claim-0","claim","Global cancer cases will increase 70% by 2050 without intervention, reaching 35 million annually."
"hash-2118507891","evidence","The projection is based on IARC GLOBOCAN 2024 data using population ageing and growth trends combined with modelled changes in incidence rates. The 70% increase (from 20.6M to 35M) is consistent with IARC's February 2024 projections of a 77% increase from the 2022 baseline of 20M to 35M by 2050."
"hash-220232762","source","WHO Global Status Report on Cancer 2026"
"who-cancer-report-2026-claim-1","claim","Breast cancer survival exceeds 85% in high-income countries but falls below 50% in low-income countries."
"hash-398449419","evidence","The reported figures are 87% 5-year survival in HICs versus 42% in LICs. The gap is driven by late-stage diagnosis (70% of breast cancers in LICs are diagnosed at Stage III or IV), limited access to radiotherapy and chemotherapy, and lack of mammographic screening programmes."
"who-cancer-report-2026-claim-2","claim","Lung cancer is the leading cause of cancer death worldwide, causing more deaths than breast, colorectal, and prostate cancers combined."
"hash-282285092","evidence","Lung cancer caused 1.86 million deaths in 2024. The combined deaths from breast (694K), colorectal (918K), and prostate (402K) cancers total approximately 2.01 million — meaning lung cancer alone accounts for nearly as many deaths as these three combined. Lung cancer's 85% mortality-to-incidence ratio reflects late diagnosis and limited treatment options in most countries."
"hash-1584981373","source","WHO / IARC GLOBOCAN 2024"
"who-cancer-report-2026-claim-3","claim","Most countries include comprehensive cancer care in their universal health coverage packages."
"hash-1517312654","evidence","Less than one-third of WHO member states include cancer diagnosis, treatment, and palliative care in their UHC benefit packages. Even where coverage exists, it often excludes newer targeted therapies and immunotherapies due to high costs. The WHO report notes that only 37% of countries have national cancer control plans that are fully funded."
"who-cancer-report-2026-claim-4","claim","Cancer diagnoses are projected to grow fastest in lower-HDI countries, with a 142% increase by 2050."
"hash-1836421101","evidence","IARC projections published in February 2024 estimate that low-HDI countries will see a 142% increase in new cancer cases between 2022 and 2050, compared to 56% in very high-HDI countries. This is driven by ageing populations, increasing adoption of cancer-associated lifestyle risk factors (smoking, processed foods, physical inactivity), and limited preventive healthcare infrastructure."
"hash-1510698346","source","IARC / WHO"
"who-cancer-report-2026-claim-5","claim","Tobacco use is responsible for one in four cancer deaths in India."
"hash-1701901396","evidence","Tobacco-related cancers account for 27% of India's total cancer burden. India has 26.7 crore tobacco users — the second-highest number in the world — with smokeless tobacco (khaini, gutka, pan masala) being the predominant form. Oral cancer, directly linked to smokeless tobacco use, is the most common cancer among Indian men."
"hash-713579779","source","ICMR / WHO India"
"who-cancer-report-2026-claim-6","claim","India's cancer incidence is lower than the global average due to its young population."
"hash-152896343","evidence","India's age-standardized cancer incidence rate is approximately 102 per 100,000, compared to the global average of 210 per 100,000 and rates above 350 per 100,000 in high-income countries. However, this is largely a demographic artefact: 65% of India's population is under 35, and cancer risk increases exponentially with age. As India's population ages, absolute case numbers will rise sharply regardless of prevention efforts."
"hash-421400256","source","WHO / IARC Analysis"
"who-cancer-report-2026-claim-7","claim","Radiation therapy is accessible to fewer than 10% of patients in low-income countries."
"hash-897509235","evidence","The report finds that high-income countries have approximately 1 radiotherapy machine per 100,000 population, while low-income countries have 1 per 1.5 million population. The WHO estimates that 50-60% of cancer patients should receive radiotherapy as part of their treatment, but in LICs, the actual access rate is below 10%. This is one of the largest therapeutic gaps in global oncology."
"us-iran-war-strait-of-hormuz","story","The Strait of Hormuz War: How the US-Iran Conflict Broke Global Energy Markets"
"https://abcnews.com/us-iran-ceasefire-timeline","source","ABC News — US-Iran Ceasefire Timeline"
"https://hormuzstraitmonitor.com/crisis-timeline/","source","Strait of Hormuz Monitor — Crisis Timeline"
"https://globalsecurity.org/military/ops/iran-war-oprep.htm","source","Global Security — Iran War 2026 Day 131 Update"
"https://seavantage.com/blog/strait-of-hormuz-crisis-2026","source","SeaVantage — Strait of Hormuz Crisis Shipping Impact"
"https://discoveryalert.com.au","source","Discovery Alert — India Oil Imports & Strait of Hormuz"
"https://timesnownews.com","source","Kpler / Times Now — India Oil Import Data"
"https://cnbc.com","source","CNBC — Oil Markets & Iran War Coverage"
"https://iea.org","source","IEA — Energy Infrastructure Damage Assessment"
"https://mappr.co/strait-of-hormuz-crisis-2026/","source","Mappr — Strait of Hormuz Crisis 2026 Interactive Map"
"us-iran-war-strait-of-hormuz-claim-0","claim","The Strait of Hormuz carries approximately 20% of global seaborne oil trade daily."
"hash-502652728","evidence","EIA data confirms approximately 20-21 million barrels per day transit the strait, representing roughly 20% of global petroleum liquids consumption and 25% of total seaborne oil trade. This is consistent across multiple independent sources including IEA and LSEG."
"hash-548517256","source","US Energy Information Administration"
"us-iran-war-strait-of-hormuz-claim-1","claim","India has diversified 70% of its crude imports away from the Hormuz corridor."
"hash-460950700","evidence","As of March 2026, approximately 70% of India's crude imports arrive via alternative maritime routes, up from 55% the previous year. However, this statistic masks continued indirect exposure: alternative routes still source Gulf crude that transits other chokepoints, and LPG dependence remains at 90%."
"hash-468169744","source","Ministry of Petroleum and Natural Gas Secretary Neeraj Mittal"
"us-iran-war-strait-of-hormuz-claim-2","claim","Brent crude could reach $170-200 per barrel if the strait remains fully closed."
"hash-122466878","evidence","Scenario modelling by multiple analysts projects Brent crude reaching $170-200 per barrel within weeks to months under a sustained full closure, depending on SPR deployment and non-Gulf producer response. Historical analogues (1973 embargo: prices quadrupled) support these projections."
"hash-2003103752","source","Multiple Analyst Models"
"us-iran-war-strait-of-hormuz-claim-3","claim","The ceasefire MOU was working until Israel's actions in Lebanon sabotaged it."
"hash-1314287492","evidence","The ceasefire was always fragile. While Israeli strikes on Lebanon (April 8 and June 8) triggered Iranian responses, the MOU's collapse on July 7 was preceded by Iran striking three commercial vessels — an act that directly violated the strait reopening terms. Both sides contributed to the breakdown."
"hash-1078449656","source","Iranian Officials"
"us-iran-war-strait-of-hormuz-claim-4","claim","India's oil import costs have increased by $2.5 billion per month since the war began."
"hash-2014828382","evidence","Based on India importing ~4.4M bpd crude oil and crude prices averaging ~$25/barrel higher since Feb 28 compared to pre-war levels, the additional monthly import cost is approximately $2.5 billion. This is consistent with industry analyst estimates."
"hash-746215606","source","The Breakdown Estimate"
"us-iran-war-strait-of-hormuz-claim-5","claim","The IRGC is charging $1 million+ per vessel to transit the strait."
"hash-1635119414","evidence","Multiple shipping intelligence sources report Iran is limiting crossings and charging tolls reported to exceed $1 million per vessel. Iran's chief negotiator Ghalibaf confirmed on July 6 that the strait will ""never return to pre-war status"" and that Iran agreed not to charge transit fees for 60 days only ""at the insistence of Gulf Arab states."""
"hash-375274217","source","SeaVantage / Strait of Hormuz Monitor"
"us-iran-war-strait-of-hormuz-claim-6","claim","The US Senate passed a war-powers resolution against the conflict."
"hash-952167303","evidence","The Senate voted 50-48 on June 23, 2026 to pass a war-powers resolution directing the President to remove US forces from hostilities absent a declaration of war. The administration's position that hostilities ""have terminated"" was directly contradicted by the July 7-9 resumption of sustained strikes."
"hash-389734294","source","Congressional Record"
"epf-scheme-2026","story","EPF Scheme 2026: India Replaces 74-Year-Old Retirement Law Under New Social Security Code"
"https://labour.gov.in","source","EPF Scheme 2026 — Gazette Notification G.S.R. 525(E)"
"https://economictimes.indiatimes.com/wealth/invest/epf-scheme-2026-replaces-epf-scheme-1952","source","Economic Times — EPF Scheme 2026 Analysis"
"https://moneycontrol.com/news/business/personal-finance/epf-scheme-2026-notified","source","Moneycontrol — EPF Scheme 2026 Changes"
"https://wionews.com/india-news/epf-scheme-2026-new-pf-rules","source","WION — India's New EPF Rules 2026 Explained"
"https://kustodian.life/provident-fund/epfo-latest-news/epf-scheme-2026","source","Kustodian — EPF Scheme 2026 Complete Guide"
"https://epfindia.gov.in","source","EPFO Annual Report 2024-25"
"https://livemint.com/money/personal-finance/eps2026-replaces-eps-95","source","Mint — EPS 2026 Replaces EPS-95"
"epf-scheme-2026-claim-0","claim","The EPF Scheme 2026 changes the employee contribution rate from 12% to a new rate."
"hash-1464067465","evidence","The employee contribution rate remains unchanged at 12% of wages for most establishments (10% for notified establishments). The new scheme formalizes the existing ₹15,000 wage ceiling and ₹1,800 mandatory minimum contribution. No rate change was introduced."
"hash-144755810","source","Social Media Rumours"
"epf-scheme-2026-claim-1","claim","The EPF interest rate of 8.25% for FY 2025-26 is risk-free and guaranteed by the government."
"hash-1061623925","evidence","The EPF interest rate is set annually by the Central Board of Trustees and notified by the government. While not statutorily guaranteed like a bond coupon, the government has never defaulted on EPF interest payments. EPFO's assets of ₹28.34 lakh crore provide substantial backing. The rate significantly outperforms bank FDs (SBI 5-year FD: ~6-6.5%)."
"hash-607604305","source","Common Understanding"
"epf-scheme-2026-claim-2","claim","EPS pension will be processed within 20 days or EPFO pays 12% interest penalty."
"hash-1215843637","evidence","EPS 2026 mandates that pension claims must be settled within 20 days of application. If EPFO delays without sufficient cause, it must pay 12% interest per annum on the delayed amount. This is a significant governance improvement over EPS-95, which had no statutory claim timeline."
"hash-1142426193","source","EPS 2026 Notification"
"epf-scheme-2026-claim-3","claim","The minimum monthly pension under EPS 2026 has been increased from ₹1,000."
"hash-1320460226","evidence","The minimum monthly pension remains at ₹1,000, unchanged from EPS-95. Labour unions and experts had demanded an increase to at least ₹3,000-5,000. The notification does not address this long-standing demand."
"hash-1133688189","source","Speculation"
"epf-scheme-2026-claim-4","claim","Existing EPF subscribers need to re-register under the new scheme."
"hash-673469689","evidence","Existing EPF subscribers under the 1952 scheme are automatically transitioned to the 2026 scheme. There is no requirement for re-registration, new KYC, or any action from existing members. Account balances and accumulated benefits continue without interruption."
"hash-1382609259","source","Misinformation"
"epf-scheme-2026-claim-5","claim","The government can temporarily reduce EPF contributions during emergencies."
"hash-2085986053","evidence","The new scheme gives the central government power to temporarily reduce or defer EPF contributions for up to 3 months during pandemics, epidemics, and national disasters. This is a new provision not present in the 1952 scheme, providing fiscal flexibility during crises."
"hash-1873599827","source","EPF Scheme 2026 Notification"
"epf-scheme-2026-claim-6","claim","EPF tax-free compounding generates significantly more wealth than bank FDs over long periods."
"hash-1834974536","evidence","A worker investing ₹3,000 monthly for 30 years accumulates approximately ₹47 lakh in EPF at 8.25% versus ~₹33 lakh in a bank FD at 6.5% — a 42% gap of over ₹14 lakh. This gap widens further when accounting for EPF's tax-free compounding versus taxable FD interest."
"hash-154230995","source","Financial Analysis"
"youth-mental-health-crisis","story","Youth Mental Health Crisis in India: Understanding Rising Suicide Rates"
"https://ncrb.gov.in","source","NCRB Accidental Deaths & Suicides in India 2023"
"https://nimhans.ac.in","source","National Mental Health Survey 2015–16 (NIMHANS)"
"https://thelancet.com","source","Lancet Child & Adolescent Health — India Depression Prevalence 2022"
"https://icmr.gov.in","source","ICMR Adolescent Health Survey 2023"
"https://education.gov.in","source","Ministry of Education RTI Response — School Counsellors 2024"
"https://telemanas.mohfw.gov.in","source","Tele-MANAS Ministry of Health Dashboard 2024"
"https://legislative.gov.in","source","Mental Healthcare Act, 2017"
"https://unesco.org","source","UNESCO Global Education Monitoring Report 2023"
"youth-mental-health-crisis-claim-0","claim","Student suicides in India increased by over 35% between 2019 and 2023."
"hash-852314754","evidence","NCRB's Accidental Deaths & Suicides in India reports 9,600 student suicides in 2019 vs 13,044 in 2023 — a 35.9% increase. The trajectory shows consistent year-over-year growth with no single-year decline."
"hash-368620646","source","NCRB ADSI Reports 2019 & 2023"
"youth-mental-health-crisis-claim-1","claim","Only 12% of government schools in India have a counsellor."
"hash-1019369598","evidence","RTI response filed by The Breakdown to the Ministry of Education confirmed that only 12% of government schools have a counsellor. The majority of these counsellors are untrained in adolescent mental health."
"hash-863786182","source","Ministry of Education RTI Response 2024"
"youth-mental-health-crisis-claim-2","claim","Academic pressure is the leading cause of student suicides in India."
"hash-155444198","evidence","NCRB data shows ""failure in examination"" and ""academic pressure"" as the most commonly cited cause at 25% of cases. However, experts caution that this may be the proximate trigger rather than root cause."
"hash-2094346421","source","NCRB ADSI 2023"
"youth-mental-health-crisis-claim-3","claim","India has sufficient child psychiatrists to meet WHO standards."
"hash-1160759957","evidence","WHO recommends 1 child psychiatrist per 10,000 population. India has 0.3 per 100,000 — a staggering 97% deficit. This translates to a gap of approximately 3,000 child psychiatrists."
"youth-mental-health-crisis-claim-4","claim","The Mental Healthcare Act 2017 guarantees free mental healthcare for all."
"hash-1412390596","evidence","Section 21(4) of the Mental Healthcare Act, 2017 states that ""every person with mental illness shall have a right to access mental health services at affordable cost"". However, implementation varies widely by state."
"hash-170515013","source","Legal Provisions"
"youth-mental-health-crisis-claim-5","claim","Social media is a leading documented cause of student suicides."
"hash-1478955157","evidence","While social media is often cited anecdotally, NCRB data does not list it as a separate category. Bullying (including cyberbullying) accounts for 12% of cases. The ICMR survey found 42% of adolescents feel ""constantly judged"" online, creating indirect pressure."
"hash-85182403","source","Media Narratives"
"youth-mental-health-crisis-claim-6","claim","Tele-MANAS has received over 15 lakh calls since launch."
"hash-26912117","evidence","The Tele-MANAS helpline (launched October 2022) has cumulatively received over 15 lakh calls as of March 2026, averaging approximately 1,200 calls per day. This indicates massive unmet demand for mental health support."
"hash-4677816","source","Ministry of Health Dashboard"
"gig-worker-rights","story","Gig Worker Rights in India: The Fight for Dignity in the Platform Economy"
"https://karnataka.gov.in","source","Karnataka Platform-Based Gig Workers Act, 2024"
"https://eshram.gov.in","source","Ministry of Labour — e-Shram Dashboard"
"https://ilo.org","source","ILO — World Employment and Social Outlook: The role of digital labour platforms"
"https://loksabha.nic.in","source","Parliamentary Standing Committee on Labour — Report on Gig Workers (2025)"
"https://lokniti.org","source","Lokniti-CSDS Survey on Platform Workers (2024)"
"https://ifat.org.in","source","IFAT India — Gig Worker Grievances Report (2025)"
"https://zomato.com","source","Zomato / Swiggy Annual Reports (Delivery Partner Data)"
"https://rajasthan.gov.in","source","Rajasthan Platform-Based Gig Workers Act, 2023"
"gig-worker-rights-claim-0","claim","India's gig and platform workforce was 77 lakh in 2020-21 and is projected to reach 2.35 crore by 2029-30."
"hash-2083174792","evidence","NITI Aayog's flagship report explicitly estimates 7.7 million gig workers in 2020-21, growing to 23.5 million by 2029-30, driven by e-commerce, logistics, and delivery services."
"hash-824986333","source","NITI Aayog — India's Booming Gig and Platform Economy (2022)"
"gig-worker-rights-claim-1","claim","Karnataka is the first Indian state to legislate social security for platform-based gig workers."
"hash-1717455501","evidence","The Karnataka Act, 2024 (rules notified 2025) is the first comprehensive state legislation mandating a welfare board, registration, and a transaction-based welfare fee. Rajasthan passed a similar Act in 2023 but it has seen limited enforcement."
"hash-589462727","source","Karnataka Platform-Based Gig Workers Act, 2024"
"gig-worker-rights-claim-2","claim","The central government's Code on Social Security 2020 provisions for gig workers are fully implemented."
"hash-181476421","evidence","While the Code was passed in 2020 and notified, the specific schemes for gig and platform workers under Section 114 have not been operationalised. No national welfare board or contribution mechanism exists as of 2026."
"gig-worker-rights-claim-3","claim","Most gig workers earn a stable, predictable monthly income."
"hash-212988274","evidence","ILO and academic surveys show high income volatility: earnings swing 30-50% month to month based on incentives, demand, and algorithmic rank. A 2024 Lokniti survey found 60% of delivery workers could not predict next month's income."
"hash-392289266","source","Platform Narratives"
"gig-worker-rights-claim-4","claim","Algorithmic deactivation without notice is a widespread grievance among gig workers."
"hash-55266647","evidence","Multiple surveys (including a 2025 IFAT report) find 40%+ of workers have been deactivated or penalised without clear recourse. The Karnataka Act now requires aggregators to provide reasons and an appeal mechanism."
"hash-1893620678","source","Worker Collective Surveys, Media Reports"
"gig-worker-rights-claim-5","claim","Women comprise a large and growing share of India's gig workforce."
"hash-1036108086","evidence","Women are about 20-23% of gig workers, concentrated in lower-paid categories like beauty, childcare, and home services — not delivery. The platform economy has not closed the gender gap; pay disparities persist."
"hash-1864213596","source","NITI Aayog / ILO"
"gig-worker-rights-claim-6","claim","Over 30 crore unorganised workers are now covered by the e-Shram database."
"hash-1001756721","evidence","The e-Shram portal crossed 30 crore registrations by early 2026, creating the world's largest unorganised worker database. However, portability of benefits to gig workers remains limited in practice."
"hash-255605561","source","Ministry of Labour Dashboard 2026"
"namami-gange-under-fire","story","Namami Gange: Inside India's ₹27,000 Crore Fight to Clean the Ganga — and the Communities It Left Behind"
"https://cag.gov.in/uploads/download_audit_report/2025/Report-No.-2-of-2025_Namami-Gange_UK_English-(04-07-2025)-069b020170bd314.74984302.pdf","source","CAG Report No. 2 of 2025: Performance Audit of Namami Gange in Uttarakhand"
"https://cag.gov.in/uploads/download_audit_report/2017/Report_No.39_of_2017_-_Performance_Audit_on_Ministry_of_Water_Resources,_River_Development_&_Ganga_Rejuvenation_Union_Government.pdf","source","CAG Report No. 39 of 2017: Performance Audit of Rejuvenation of River Ganga (Namami Gange)"
"https://pib.gov.in/PressReleasePage.aspx?PRID=2244007","source","PIB: Status of Namami Gange Programme (Mar 2026)"
"https://www.pib.gov.in/PressReleasePage.aspx?PRID=2109118","source","PIB: Restoring the Divine Glory of River Ganga (Mar 2025)"
"https://pib.gov.in/PressReleasePage.aspx?PRID=2150722","source","PIB: Allocation of Funds Under NMCG (Jul 2025)"
"https://www.jalshakti-dowr.gov.in/static/uploads/2025/12/9f19eeb5c327c523bb9af86a310a45d8.pdf","source","Ministry of Jal Shakti: Pollution in Ganga River (Dec 2025)"
"https://avantiscdnprodstorage.blob.core.windows.net/legalupdatedocs/47384/CPCB-issued-a-Report-on-Polluted-River-Stretches-for-Restoration-of-Water-Quality-2025-SEP292025.pdf","source","CPCB: Polluted River Stretches for Restoration of Water Quality (Sep 2025)"
"https://cpcb.nic.in","source","CPCB Report to NGT: Water Quality at Mahakumbh 2025 — Faecal Coliform at 49,000 MPN/100ml"
"https://cpcb.gov.in/nwmp-data-2025","source","CPCB: National Water Quality Monitoring Programme Data 2025"
"https://frontline.thehindu.com/environment/namami-gange-displacement-riverbank-cleaning-up-river-restoration/article70955264.ece","source","Frontline/Ankit Mishra: Namami Gange's Hidden Cost — Displacing Riverbank Communities (May 12, 2026)"
"https://frontline.thehindu.com/the-nation/murky-waters/article10008438.ece","source","Frontline/Akshay Deshmane: Murky Waters — CAG Report Analysis (Apr 26, 2018)"
"https://economictimes.indiatimes.com/news/india/namami-gange-failed-to-deliver-expected-results-in-uttarakhand-cag-report/articleshow/129558284.cms","source","Economic Times/PTI: Namami Gange Failed to Deliver Results in Uttarakhand — CAG (Mar 13, 2026)"
"https://www.nationalheraldindia.com/india/namami-gange-why-it-is-a-failure","source","National Herald/Dhairya Maheshwari: Namami Gange — Why It Is a Failure (Oct 21, 2018)"
"https://timesofindia.indiatimes.com/india/complete-failure-in-cleaning-up-ganga-cong-slams-govt/articleshow/110584892.cms","source","Times of India: Complete Failure in Cleaning Up Ganga — Congress Slams Govt (May 31, 2024)"
"https://www.downtoearth.org.in/governance/daily-court-digest-major-environment-orders-july-26-2024","source","Down To Earth/DTE Staff: Namami Gange Plans Developed for 3 UP Districts — NGT Order (Jul 29, 2024)"
"https://www.downtoearth.org.in/governance/daily-court-digest-major-environment-orders-january-13-2025","source","Down To Earth/DTE Staff: NGT Orders NMCG Director to Define Active Floodplain (Jan 14, 2025)"
"https://www.downtoearth.org.in/environment/daily-court-digest-major-environment-orders-september-5-2024","source","Down To Earth: NGT Orders on Kanpur Tanneries Polluting Ganga (Sep 5, 2024)"
"https://www.bhaskarenglish.in/local/uttarakhand/news/uttarakhand-assembly-water-quality-drops-ganga-cag-report-137405153.html","source","Bhaskar English: Ganga Water Quality Drops — CAG Flags Sewage in Assembly (Mar 11, 2026)"
"https://theprint.in/india/namami-gange-failed-to-deliver-expected-results-in-uttarakhand-cag-report/2878404/","source","ThePrint/PTI: Namami Gange Failed to Deliver in Uttarakhand — CAG (Mar 13, 2026)"
"https://www.unep.org","source","UNEP: World Restoration Flagships 2022 — Namami Gange Recognised at COP15"
"https://www.resgov.org/contents/reports/130_Namami%20Gange%20Programme.pdf","source","ResGov: Namami Gange Programme Performance Analysis (2025)"
"https://cganga.org/wp-content/uploads/2025/10/cGanga-Report_STPs-under-NGP-GRBMP-Perspective_July-2019.pdf","source","cGanga/IIT Kanpur: Sewage Treatment Projects Under Namami Gange & GRBMP Perspective (Jul 2019)"
"https://en.wikipedia.org/wiki/Namami_Gange_Programme","source","Wikipedia: Namami Gange Programme — Comprehensive References"
"https://www.youtube.com/channel/UCdslrfFfeUDBQHNPDK6q8YQ","source","NMCG Official YouTube Channel — Namami Gange Documentaries & STP Footage"
"https://www.youtube.com/user/downtoearthindia","source","Down To Earth YouTube: Ganga Pollution Ground Reports"
"https://sandrp.in","source","SANDRP/Himanshu Thakkar: Ganga Governance Critiques & Research"
"https://cganga.org","source","cGanga: Centre for Ganga River Basin Management and Studies — IIT Kanpur"
"namami-gange-under-fire-claim-0","claim","Namami Gange has significantly improved water quality across the Ganga's main stem."
"hash-281343746","evidence","While BOD levels have improved at some stretches (e.g., Kannauj-Varanasi moved from PRS III to PRS V), 37 stretches remain in Priority I (biologically dead). Faecal coliform at Prayagraj during Mahakumbh 2025 was 20x the safe limit. CPCB itself stated water quality ""was not conforming with primary water quality criteria for bathing at all monitored locations."""
"hash-1060030697","source","Government of India/PIB"
"namami-gange-under-fire-claim-1","claim","Sewage treatment capacity has increased 30-fold since pre-2014 levels."
"hash-875101250","evidence","NMCG has created 3,446 MLD of sewage treatment capacity, compared to approximately 100 MLD before 2014. However, only 60% of approved STP capacity is actually operational, and the CAG found 12 of 44 inspected STPs discharging untreated sewage directly into the river."
"hash-951200033","source","NMCG/PIB March 2025"
"namami-gange-under-fire-claim-2","claim","The programme has successfully involved local communities in river conservation."
"hash-1020095622","evidence","CAG Report 2025 found state government officials ""failed to engage local residents, leading to improper utilisation (or complete non-utilisation) of sewage infrastructure."" Frontline (May 2026) documented displacement of Nishad, Mallah, Kewat, and Bind communities. District Ganga Plans were not formulated in any district within the basin."
"namami-gange-under-fire-claim-3","claim","The Ganga riverfront development benefits local river-dependent communities."
"hash-1755512731","evidence","Luxury cruise vessels in Varanasi threaten 8,000 traditional boatmen and 50,000 Nishad dependents. Beautified ghats displaced informal settlements. Cremation ghats in Chamoli, Rudraprayag, Tehri, and Uttarkashi were built ""without assessing local needs or cultural practices"" and remain unused."
"namami-gange-under-fire-claim-4","claim","Gangetic dolphin populations have more than doubled, indicating ecological recovery."
"hash-1838973633","evidence","Nationwide survey (2021-23) found 6,324 dolphins, up from an estimated 2,500-3,000 in 2009 and ~3,500 in 2015. Dolphin presence was confirmed in 10 tributaries where previously unrecorded. However, conservationists caution that dolphins concentrate in remaining clean stretches, masking continued degradation elsewhere."
"hash-1057707053","source","Wildlife Institute of India"
"namami-gange-under-fire-claim-5","claim","Funds under Namami Gange have been efficiently utilised."
"hash-1601473469","evidence","The 2017 CAG found only 25% of funds spent. The 2025 CAG report on Uttarakhand found 16% utilisation for forestry interventions (Rs. 144 cr of Rs. 885 cr). Overall fund utilisation is estimated at 53-82% depending on metric. The PAC (2024) noted ""overall expenditure was low compared to the allocated budget."""
"india-china-border-lac","story","The Cold Peace Along the LAC: Why the India–China Border Remains Unsettled After 75 Years"
"https://en.wikipedia.org/wiki/Simla_Convention","source","Simla Convention (1914)"
"https://en.wikipedia.org/wiki/Panchsheel","source","Sino-Indian Agreement on Tibet (1954)"
"https://en.wikipedia.org/wiki/Nehru-Zhou_correspondence","source","Nehru-Zhou Enlai Correspondence (1959–1962)"
"https://en.wikipedia.org/wiki/Sino-Indian_War","source","Report of the Officials (1961)"
"https://en.wikipedia.org/wiki/India%27s_China_War","source","Neville Maxwell, India's China War (1970)"
"hash-811402141","source","Steven Hoffman, War and Peace in the Borderlands (2021)"
"india-china-border-lac-claim-0","claim","The border dispute originates in competing territorial claims inherited from British colonial period."
"hash-1091676639","evidence","The McMahon Line (1914) was agreed between Britain and Tibet but China never accepted it."
"hash-1061704645","source","Simla Convention"
"india-china-border-lac-claim-1","claim","China built a strategic road through Aksai Chin (1954–1957) without Indian knowledge."
"hash-1817971838","evidence","Indian patrols discovered the road in 1958; diplomatic protest issued."
"hash-888775769","source","Indian intelligence reports"
"india-china-border-lac-claim-2","claim","The 1959 Tibetan uprising caused irreversible deterioration in relations."
"hash-1952093397","evidence","Nehru's granting of asylum to the Dalai Lama was seen as hostility by China."
"hash-1279848365","source","Nehru-Zhou correspondence"
"india-china-border-lac-claim-3","claim","China's 1962 offensive was limited in aim — not conquest, but to ""teach India a lesson."""
"hash-2044328401","evidence","China withdrew unilaterally to pre-war positions after its military victory."
"hash-979527186","source","Maxwell (1970)"
"india-china-border-lac-claim-4","claim","India's 1962 defeat was caused by military unpreparedness and faulty strategy."
"hash-635553972","evidence","Forward Policy scattered forces into isolated positions; logistics and equipment were inadequate."
"hash-348608065","source","Henderson-Brooks Report"
"india-china-border-lac-claim-5","claim","The post-1962 ""cold peace"" is maintained through agreements that manage but do not resolve the dispute."
"hash-1664047282","evidence","CBMs have reduced crisis frequency but the territorial claims remain irreconcilable."
"hash-1591142438","source","1993, 1996, 2013 agreements"
"india-china-border-lac-claim-6","claim","Galwan (2020) was the first fatal conflict since 1967 and represents structural escalation."
"hash-771598362","evidence","Both sides now deploy 100,000+ troops; old model of managed conflict is no longer sufficient."
"hash-837641023","source","MEA/independent estimates"
"kashmir-the-first-test","story","Kashmir: The First Test — How the 1947–48 War Established a Conflict That Remains Unresolved 75 Years Later"
"hash-218213093","source","Srinath Raghavan, War and Peace in Modern India (2010)"
"hash-1175103075","source","Prem Shankar Jha, Kashmir 1947: Rival Versions of History (1996)"
"hash-746895739","source","Alastair Lamb, Incomplete Partition (1989)"
"hash-934279522","source","Victoria Schofield, Kashmir in Conflict (2003)"
"hash-1804962846","source","Instrument of Accession (26 October 1947)"
"https://undocs.org","source","UNSC Resolutions on Kashmir (1948–1951)"
"kashmir-the-first-test-claim-0","claim","The partition framework left princely states to choose their allegiance, but Kashmir's unique demography made this framework unworkable."
"hash-713718946","evidence","Muslim-majority (77%), Hindu ruler, strategic geography bordering both dominions."
"hash-1624052688","source","Jha (1996); Lamb (1989)"
"kashmir-the-first-test-claim-1","claim","The tribal invasion of October 1947 was not spontaneous but was planned and supported by Pakistan's leadership."
"hash-641002786","evidence","Logistical coordination, arms supply, and Pakistani military personnel accompanied tribal fighters."
"hash-1079757748","source","Lamb (1989); Jha (1996)"
"kashmir-the-first-test-claim-2","claim","Maharaja Hari Singh signed the Instrument of Accession under extreme military pressure."
"hash-1402450432","evidence","Tribal forces were ~50 miles from Srinagar; the Maharaja had lost control of his state."
"hash-586192585","source","V.P. Menon; Jha (1996)"
"kashmir-the-first-test-claim-3","claim","India's airlift of troops to Srinagar on 27 October 1947 prevented the fall of the Kashmir Valley."
"hash-618705678","evidence","Tribal forces were approaching Srinagar; without the airlift the Valley would have fallen."
"hash-801026898","source","Official History; Raghavan (2010)"
"kashmir-the-first-test-claim-4","claim","India's referral of Kashmir to the UN Security Council was a strategic error."
"hash-738738355","evidence","Nehru later said referring Kashmir to the UN was a mistake; it internationalised the conflict."
"hash-759552274","source","Raghavan (2010)"
"kashmir-the-first-test-claim-5","claim","The ceasefire line established in January 1949 became a permanent division that has never been settled."
"hash-1375346265","evidence","The ceasefire line became the Line of Control — a division rejected by the people of Kashmir."
"hash-389336411","source","UNCIP Report; Schofield (2003)"
"ng-ch-01","story","The Promise: Why Namami Gange Was Launched and What It Set Out to Achieve"
"https://nmcg.nic.in","source","NMCG: Namami Gange Programme Overview"
"ng-ch-01-claim-0","claim","Namami Gange was fundamentally different from the Ganga Action Plan in design and scope."
"hash-812601293","evidence","Unlike GAP's single-focus approach on STP construction, Namami Gange introduced an eight-pillar framework, hybrid annuity PPP model, and multi-agency coordination under the National Ganga Council. The budget was 20x larger. Programme design was informed by IIT consortium studies."
"hash-2399843","source","NMCG"
"ng-ch-01-claim-1","claim","UN World Restoration Flagship status validates the programme's environmental impact."
"hash-738432590","evidence","The 2022 UNEP designation recognised ""commitment to restoring the Ganga"" — not demonstrated restoration outcomes. Of 10 World Restoration Flagships named, multiple were for initiatives still in early stages. The status is awarded for ambitious restoration pledges, not verified ecological recovery."
"ng-ch-02","story","Follow the Money: Budget Sanctioned, Released, and Actually Spent"
"ng-ch-02-claim-0","claim","Fund utilisation for Namami Gange has been satisfactory overall."
"hash-379755118","evidence","CAG 2018 found only 25% of released funds utilised. CAG 2025 found 16% utilisation for forestry. PAC 2024 noted ""overall expenditure was low compared to the allocated budget."" Bihar spent 2.1% of STP allocation. Overall utilisation is estimated at 53-82% depending on the metric."
"ng-ch-02-claim-1","claim","The Hybrid Annuity Model ensures private sector efficiency in STP construction."
"hash-2137378248","evidence","While HAM has brought private sector participation, it also commits future government payments of ₹15,000+ crore that function as off-balance-sheet liabilities. CAG 2025 found that some HAM-based STPs underperformed as badly as traditional ones, with 12 of 44 inspected discharging untreated sewage."
"ng-ch-03","story","Chapter 3: The Sewage Problem — How Much Waste Enters the Ganga Every Day"
"ng-ch-03-claim-0","claim","Sewage treatment capacity has increased 30-fold since pre-2014."
"hash-1817176545","evidence","From ~100 MLD to 3,446 MLD. However, only 60% is operational, and CAG found 12 of 44 inspected STPs discharge untreated waste."
"ng-ch-04","story","Chapter 4: The Audit Trail — Every Official Finding from 2017 to 2025"
"ng-ch-04-claim-0","claim","Multiple audits show systemic governance failures."
"hash-1085964157","evidence","Both CAG reports (2018, 2025) and PAC (2024) document deficiencies in planning, financial management, project approvals, monitoring, and quality control. These are official audit findings, not allegations."
"hash-1261148428","source","CAG/PAC"
"ng-ch-05","story","Chapter 5: Procurement & Accountability — Where Audit Findings End and Corruption Cases Begin"
"ng-ch-06","story","Chapter 6: Why STPs Don't Work — The Engineering and Governance Failures"
"ng-ch-07","story","Chapter 7: Water Quality — What the Scientific Data Actually Shows"
"ng-ch-07-claim-0","claim","Ganga water quality has significantly improved under Namami Gange."
"hash-1091281533","evidence","Dissolved oxygen is acceptable on most stretches, but 37 stretches remain biologically dead. Faecal coliform at Prayagraj during Mahakumbh was 20x the safe limit. CPCB stated water quality ""was not conforming with primary water quality criteria for bathing at all monitored locations."""
"ng-ch-08","story","Chapter 8: City Report Cards — Haridwar, Kanpur, Prayagraj, Varanasi, Patna, Kolkata"
"ng-ch-09","story","Chapter 9: The Contractor Network — EPC, HAM, O&M — Who Builds the STPs"
"ng-ch-10","story","Chapter 10: Timeline of Delays — Every Major Project from Approval to Commissioning"
"ng-ch-11","story","Chapter 11: Ecological Outcomes — Dolphins, Wetlands, and River Flow"
"ng-ch-11-claim-0","claim","Dolphin population doubling proves ecological recovery."
"hash-163199036","evidence","From ~3,500 (2015) to 6,324 (2023). Confirmed in 10 new tributaries. However, dolphins concentrate in remaining clean stretches, masking degradation elsewhere."
"hash-522875031","source","WII/Government"
"ng-ch-12","story","Chapter 12: Voices from the River — What Communities, Scientists, and Officials Say"
"ng-ch-13","story","Chapter 13: Government Response — The Official Defence of Namami Gange"
"ng-ch-14","story","Chapter 14: What Actually Worked — Documented Successes"
"ng-ch-14-claim-0","claim","Some infrastructure has genuinely improved."
"hash-732944570","evidence","While CAG and other audits highlight failures, they also confirm that 2,000+ MLD of STP capacity is operational, industrial monitoring has improved, and dolphin populations have recovered. The Patna interceptor drain project is cited as a best-practice case."
"hash-103749117","source","NMCG/CAG"
"ng-ch-15","story","Chapter 15: Recommendations — Evidence-Backed Fixes"
