slug,title,status,lastVerified,ageDays,severity,reasons,recommendedAction
mgnrega-reform,"MGNREGA 2026: The 125-Day Rural Employment Guarantee Explained",CURRENT,2026-07-23T10:00:00Z,37,NONE,"","No action needed"
digital-payments-boom,"Digital Payments in Rural India: UPI's Unseen Revolution",CURRENT,2026-06-12T08:00:00Z,78,NONE,"","No action needed"
pm-fasal-bima-claims,"PM Fasal Bima Yojana: The Claims That Never Reached Farmers",CURRENT,2026-06-05T06:00:00Z,85,NONE,"","No action needed"
semiconductor-pli,"India's Semiconductor Push: Program Outlay, Project Investment & Commercial OSAT Debut",CURRENT,2026-08-30T00:00:00Z,0,NONE,"","No action needed"
dpdp-bill,"Digital Personal Data Protection: India's Privacy Law Comes of Age",CURRENT,2026-07-05T08:00:00Z,55,NONE,"","No action needed"
rbi-repo-rate,"RBI Repo Rate: Decoding Monetary Policy & Rate Easing Cycle",CURRENT,2026-07-23T06:00:00Z,37,NONE,"","No action needed"
climate-finance,"India's ₹11 Lakh Crore Climate Finance Challenge",CURRENT,2026-07-10T06:00:00Z,50,NONE,"","No action needed"
education-budget,"Education Budget: Widening Gap Between Spending and Learning Outcomes",CURRENT,2026-07-14T06:00:00Z,46,NONE,"","No action needed"
groundwater-depletion,"India's Groundwater Crisis: North-West Agricultural Belt Stressed as CGWB 2025 Assessment Tracks 449 BCM Recharge",CURRENT,2026-07-23T06:00:00Z,37,NONE,"","No action needed"
ration-digitization,"Digitizing PDS: How Technology Plugged the Leakage in India's Food Security Net",CURRENT,2026-07-22T06:00:00Z,38,NONE,"","No action needed"
anganwadi-icds,"Anganwadi Centres: India's Frontline Nutrition Workers Are Burning Out",CURRENT,2026-07-24T06:00:00Z,36,NONE,"","No action needed"
supply-chain-shift,"The Great Supply Chain Shift: Can India Capture the China+1 Opportunity?",CURRENT,2026-07-24T06:00:00Z,36,NONE,"","No action needed"
ethanol-backlash,"E20 Backlash: India's Ethanol Push and the Consumer Revolt That Followed",CURRENT,2026-07-24T06:00:00Z,36,NONE,"","No action needed"
ews-quota-upsc-investigation,"Who Really Gets the EWS Quota? An Investigation into UPSC's 104 Selections",CURRENT,2026-07-24T06:00:00Z,36,NONE,"","No action needed"
us-iran-relations,"US-Iran Relations: From Maximum Pressure to Nuclear Negotiations",CURRENT,2026-07-18T06:00:00Z,42,NONE,"","No action needed"
indian-education-crisis,"India's Education Paradox: Rising Enrolment, Falling Learning — What Went Wrong?",CURRENT,2026-07-22T06:00:00Z,38,NONE,"","No action needed"
income-inequality-india,"Income Inequality in India: The Top 1% Now Owns 40% of the Wealth",CURRENT,2026-07-26T06:00:00Z,34,NONE,"","No action needed"
india-china-border-tensions,"India-China Border: Galwan and the Standoff Four Years On",CURRENT,2026-07-30T06:00:00Z,30,NONE,"","No action needed"
indias-foreign-policy,"India's Foreign Policy at 80: From Non-Alignment to Multi-Alignment",CURRENT,2026-08-05T06:00:00Z,24,NONE,"","No action needed"
satluj-ban,"The Satluj Files: Censored, Released, Removed — The 48-Hour Life of India's Most Controversial Film",CURRENT,2026-07-08T06:00:00Z,52,NONE,"","No action needed"
india-us-relations,"India-US Relations: From Nuclear Deal to Critical Technology Partnership",CURRENT,2026-08-15T10:00:00Z,14,NONE,"","No action needed"
india-indonesia-relations,"India-Indonesia: How Maritime Neighbours Are Reshaping the Indo-Pacific",CURRENT,2026-08-18T10:00:00Z,11,NONE,"","No action needed"
india-china-relations,"India-China: Two Asian Giants in an Era of Mistrust and Strategic Rivalry",CURRENT,2026-08-20T10:00:00Z,9,NONE,"","No action needed"
india-europe-relations,"India and Europe: A Strategic Partnership Searching for Substance",CURRENT,2026-08-22T10:00:00Z,7,NONE,"","No action needed"
india-uk-relations,"India-UK Relations: Beyond Colonial History to a Modern Strategic Partnership",CURRENT,2026-08-23T10:00:00Z,6,NONE,"","No action needed"
india-russia-relations,"India-Russia: The Enduring Partnership Tested by War and Realignment",CURRENT,2026-08-25T10:00:00Z,4,NONE,"","No action needed"
81-crore-data-breach,"81.5 Crore Aadhaar Records Exposed: Inside India's Biggest Data Breach",CURRENT,2026-07-09T08:00:00Z,51,NONE,"","No action needed"
bjp-mission-360,"Mission 360 & The 2024 Retrospective: Campaign Strategy vs Election Reality",CURRENT,2026-07-23T08:00:00Z,37,NONE,"","No action needed"
india-5g-rollout,"India's 5G Revolution: 400 Million Subscribers and Still Waiting for the Killer App",CURRENT,2026-08-12T06:00:00Z,17,NONE,"","No action needed"
india-ev-paradox,"India's EV Paradox: Rising Sales, Stalled Charging, and the ₹4 Lakh Crore Battery Import Bill",CURRENT,2026-08-15T06:00:00Z,14,NONE,"","No action needed"
ayushman-bharat,"Ayushman Bharat: India's ₹30,000 Crore Bet on Universal Health Coverage",CURRENT,2026-08-10T06:00:00Z,19,NONE,"","No action needed"
electoral-bonds,"Electoral Bonds: The ₹12,769 Crore Anonymous Donation Scheme the Supreme Court Struck Down",CURRENT,2026-08-14T06:00:00Z,15,NONE,"","No action needed"
who-cancer-report-2026,"Global Cancer Crisis: WHO Report Warns 35 Million Cases Per Year by 2050 Without Urgent Action",CURRENT,2026-07-08T10:00:00Z,52,NONE,"","No action needed"
us-iran-war-strait-of-hormuz,"The Strait of Hormuz War: How the US-Iran Conflict Broke Global Energy Markets",CURRENT,2026-07-11T12:00:00Z,49,NONE,"","No action needed"
epf-scheme-2026,"EPF Scheme 2026: India Replaces 74-Year-Old Retirement Law Under New Social Security Code",CURRENT,2026-07-11T10:00:00Z,49,NONE,"","No action needed"
youth-mental-health-crisis,"Youth Mental Health Crisis in India: Understanding Rising Suicide Rates",CURRENT,2026-07-11T12:00:00Z,49,NONE,"","No action needed"
gig-worker-rights,"Gig Worker Rights in India: The Fight for Dignity in the Platform Economy",CURRENT,2026-07-12T12:00:00Z,48,NONE,"","No action needed"
namami-gange-under-fire,"Namami Gange: Inside India's ₹27,000 Crore Fight to Clean the Ganga — and the Communities It Left Behind",CURRENT,2026-07-14T06:00:00Z,46,NONE,"","No action needed"
india-china-border-lac,"The Cold Peace Along the LAC: Why the India–China Border Remains Unsettled After 75 Years",CURRENT,2026-07-15T06:00:00Z,45,NONE,"","No action needed"
kashmir-the-first-test,"Kashmir: The First Test — How the 1947–48 War Established a Conflict That Remains Unresolved 75 Years Later",CURRENT,2026-07-15T06:00:00Z,45,NONE,"","No action needed"
ng-ch-01-the-promise,"The Promise: Why Namami Gange Was Launched and What It Set Out to Achieve",CURRENT,2026-07-15T06:00:00Z,45,NONE,"","No action needed"
ng-ch-02-follow-the-money,"Follow the Money: Budget Sanctioned, Released, and Actually Spent",CURRENT,2026-07-15T06:00:00Z,45,NONE,"","No action needed"
ng-ch-03-the-sewage-problem,"Chapter 3: The Sewage Problem — How Much Waste Enters the Ganga Every Day",CURRENT,2026-07-15T06:00:00Z,45,NONE,"","No action needed"
ng-ch-04-the-audit-trail,"Chapter 4: The Audit Trail — Every Official Finding from 2017 to 2025",CURRENT,2026-07-15T06:00:00Z,45,NONE,"","No action needed"
ng-ch-05-procurement-and-accountability,"Chapter 5: Procurement & Accountability — Where Audit Findings End and Corruption Cases Begin",CURRENT,2026-07-15T06:00:00Z,45,NONE,"","No action needed"
ng-ch-06-why-stps-dont-work,"Chapter 6: Why STPs Don't Work — The Engineering and Governance Failures",CURRENT,2026-07-15T06:00:00Z,45,NONE,"","No action needed"
ng-ch-07-water-quality,"Chapter 7: Water Quality — What the Scientific Data Actually Shows",CURRENT,2026-07-15T06:00:00Z,45,NONE,"","No action needed"
ng-ch-08-city-report-cards,"Chapter 8: City Report Cards — Haridwar, Kanpur, Prayagraj, Varanasi, Patna, Kolkata",CURRENT,2026-07-15T06:00:00Z,45,NONE,"","No action needed"
ng-ch-09-contractors,"Chapter 9: The Contractor Network — EPC, HAM, O&M — Who Builds the STPs",CURRENT,2026-07-15T06:00:00Z,45,NONE,"","No action needed"
ng-ch-10-timeline-of-delays,"Chapter 10: Timeline of Delays — Every Major Project from Approval to Commissioning",CURRENT,2026-07-15T06:00:00Z,45,NONE,"","No action needed"
ng-ch-11-ecology,"Chapter 11: Ecological Outcomes — Dolphins, Wetlands, and River Flow",CURRENT,2026-07-15T06:00:00Z,45,NONE,"","No action needed"
ng-ch-12-voices-from-the-river,"Chapter 12: Voices from the River — What Communities, Scientists, and Officials Say",CURRENT,2026-07-15T06:00:00Z,45,NONE,"","No action needed"
ng-ch-13-government-response,"Chapter 13: Government Response — The Official Defence of Namami Gange",CURRENT,2026-07-15T06:00:00Z,45,NONE,"","No action needed"
ng-ch-14-what-worked,"Chapter 14: What Actually Worked — Documented Successes",CURRENT,2026-07-15T06:00:00Z,45,NONE,"","No action needed"
ng-ch-15-recommendations,"Chapter 15: Recommendations — Evidence-Backed Fixes",CURRENT,2026-07-15T06:00:00Z,45,NONE,"","No action needed"
