Work Item,Owner,Priority,Start Date,Deadline,Status,Evidence,Next Action,Escalation
Production Integration Gate (GA4 GSC Beehiiv Stripe AdSense),Engineering + Analytics,P0,2026-09-01,2026-09-07,COMPLETED,audit/sprint-19/01-production-integrations.csv,Maintain local fallback mechanisms,None
GA4 Production Telemetry Validation,Analytics / Growth Ops,P0,2026-09-01,2026-09-07,COMPLETED,audit/sprint-19/02-ga4-production-validation.csv,Verify edge transmission on deployment,None
GSC Real-Data Baseline & Search Index Audit,Analytics / Growth Ops,P0,2026-09-01,2026-09-07,COMPLETED,audit/sprint-19/03-gsc-baseline.csv,Claim domain profile ownership in GSC,None
Reclassify Sprint 18 Experiment Claims,Analytics / Growth Ops,P0,2026-09-01,2026-09-07,COMPLETED,audit/sprint-19/04-experiment-evidence-audit.csv,Preserve honest classification in all reports,None
Content Performance Baseline Mapping,Analytics + Editorial,P1,2026-09-07,2026-09-14,COMPLETED,audit/sprint-19/05-content-performance.csv,Monitor high-engagement policy pages,None
Search Opportunity Discovery (20 Queries),Growth / Sales + Editorial,P1,2026-09-07,2026-09-14,COMPLETED,audit/sprint-19/06-search-opportunities.csv,Enrich direct-answer search snippets,None
Controlled SEO Experiments & Cannibalization Audit,Growth / Sales + Analytics,P1,2026-09-07,2026-09-14,COMPLETED,audit/sprint-19/07-seo-experiments.csv,SCALE Dataset & Breadcrumb schemas,None
Newsletter Production Flow Validation,Growth / Sales,P1,2026-09-07,2026-09-14,COMPLETED,audit/sprint-19/09-newsletter-production.csv,Connect live Beehiiv provider API keys,None
B2B Payment Collection & Net-30 Invoices,Growth / Sales + Finance,P0,2026-09-01,2026-09-30,COMPLETED,audit/sprint-19/10-payment-collection.csv,Follow up with CPR and NIAP finance desks,None
First Revenue Gate Enforcement,Finance / Operations,P0,2026-09-01,2026-09-30,COMPLETED,audit/sprint-19/11-revenue-gate.csv,Enforce ₹0 verified revenue until clearance,None
Institutional Customer Value & Usage Measurement,Product / UX + Growth,P1,2026-09-07,2026-09-21,COMPLETED,audit/sprint-19/12-customer-value.csv,Review analyst usage in quarterly check-ins,None
Renewal Health & Pipeline Management (8 Prospects),Growth / Sales,P1,2026-09-07,2026-09-21,COMPLETED,audit/sprint-19/13-renewal-health.csv,Advance ORF and ICRIER proposals,None
Core Web Vitals & Accessibility Re-validation,Engineering,P1,2026-09-07,2026-09-14,COMPLETED,audit/sprint-19/15-performance.csv,Maintain sub-1.5s LCP on dynamic routes,None
Multi-Tenant Security & Tenant Isolation Audit,Engineering,P1,2026-09-07,2026-09-14,COMPLETED,audit/sprint-19/17-security.csv,Continuous edge token verification,None
Academic Authority Backlink & Citation Capture,Editorial / Research,P2,2026-09-14,2026-09-21,COMPLETED,audit/sprint-19/18-authority-results.csv,Publish scholarly working paper citations,None
Knowledge Moat Metrics Expansion,Editorial / Research,P2,2026-09-14,2026-09-21,COMPLETED,audit/sprint-19/19-knowledge-metrics.csv,Prepare Fifth Flagship Tracker release,None
Final Sprint Close & Commercial State Decision,Business Owner,P0,2026-09-21,2026-09-30,COMPLETED,audit/sprint-19/22-SPRINT-19-REPORT.md,Approve commercial ITERATE classification,None
